"","none","cremvac","liomvac","othervac","liomcremvac","liomvacother","othercremvac","all"
"1",0.985702964755194,0.98764745416306,0.994208858414146,0.989882016486947,0.993992700513681,0.99445810579776,0.990420751668972,0.99433495262479
