"","none","cremvac","liomvac","othervac","liomcremvac","liomvacother","othercremvac","all"
"1",0.988673466957867,0.992009606408155,0.994617218555786,0.991715007975294,0.994771381285163,0.994835778037512,0.993236340868806,0.994992229064173
