"","none","cremvac","liomvac","othervac","liomcremvac","liomvacother","othercremvac","all"
"1",0.986624058071884,0.990166617152926,0.994213876656362,0.990450400127398,0.99432076505646,0.994170035077479,0.992301610657006,0.994433295296235
